id,published_date,company,order_type,provisions,product,title,url,pdf_url,fiscal_year
"047140","2026-08-06","「SNOW」と称するアプリケーションの利用サービスの提供事業者2社","措置命令","第5条第3号(ステルスマーケティング告示) / 第7条第1項","SNOW","「SNOW」と称するアプリケーションの利用サービスの提供事業者2社に対する景品表示法に基づく措置命令について","https://www.caa.go.jp/notice/entry/047140/","","2026"
"046721","2026-06-29","高光製薬株式会社","措置命令","第5条第3号(ステルスマーケティング告示) / 第7条第1項","ノビルン","高光製薬株式会社に対する景品表示法に基づく措置命令について","https://www.caa.go.jp/notice/entry/046721/","","2026"
"046565","2026-06-11","株式会社ゲオストア","措置命令","第5条第2号(有利誤認) / 第7条第1項","","株式会社ゲオストアに対する景品表示法に基づく措置命令について","https://www.caa.go.jp/notice/entry/046565/","","2026"
"046006","2026-04-28","尿失禁対策用の下着販売事業者2社","措置命令","第5条第1号(優良誤認) / 第7条第1項","","尿失禁対策用の下着販売事業者2社に対する景品表示法に基づく措置命令について","https://www.caa.go.jp/notice/entry/046006/","","2026"
"045622","2026-03-26","エステティックサロンの運営事業者3社","措置命令","第5条第2号(有利誤認) / 第7条第1項","","エステティックサロンの運営事業者3社に対する景品表示法に基づく措置命令について","https://www.caa.go.jp/notice/entry/045622/","","2025"
"045384","2026-03-17","太陽光発電システム機器等の販売施工業者4社","課徴金納付命令","第8条第1項","","太陽光発電システム機器等の販売施工業者4社に対する景品表示法に基づく課徴金納付命令について","https://www.caa.go.jp/notice/entry/045384/","","2025"
"045439","2026-03-12","エクスコムグローバル株式会社","課徴金納付命令","第8条第1項","イモトのWiFi","エクスコムグローバル株式会社に対する景品表示法に基づく課徴金納付命令について","https://www.caa.go.jp/notice/entry/045439/","","2025"
"045084","2026-02-17","株式会社くまのみ","課徴金納付命令","第7条第1項 / 第8条第1項","プレミアムボディバランス(Premium Body Balance)","株式会社くまのみに対する景品表示法に基づく課徴金納付命令について","https://www.caa.go.jp/notice/entry/045084/","","2025"
"044528","2025-12-18","SB C&S株式会社","措置命令","第5条第1号(優良誤認) / 第7条第1項","","SB C&S株式会社に対する景品表示法に基づく措置命令について","https://www.caa.go.jp/notice/entry/044528/","","2025"
"044166","2025-12-02","株式会社エムアンドエム","課徴金納付命令","第7条第1項 / 第8条第1項","アンリンクル","株式会社エムアンドエムに対する景品表示法に基づく課徴金納付命令について","https://www.caa.go.jp/notice/entry/044166/","","2025"
"044261","2025-11-28","株式会社ツルハグループマーチャンダイジング","措置命令","第5条第2号(有利誤認) / 第7条第1項","","株式会社ツルハグループマーチャンダイジングに対する景品表示法に基づく措置命令について","https://www.caa.go.jp/notice/entry/044261/","","2025"
"044025","2025-11-05","株式会社アイリスプラザ及び株式会社ダイユーエイト","措置命令","第5条第3号(商品の原産国に関する不当な表示第2項) / 第7条第1項","","株式会社アイリスプラザ及び株式会社ダイユーエイトに対する景品表示法に基づく措置命令について","https://www.caa.go.jp/notice/entry/044025/","","2025"
"043914","2025-10-17","株式会社NOVAランゲージカンパニー","措置命令","第5条第2号(有利誤認) / 第7条第1項","NOVA","株式会社NOVAランゲージカンパニーに対する景品表示法に基づく措置命令について","https://www.caa.go.jp/notice/entry/043914/","","2025"
"043867","2025-10-15","株式会社テレビ新広島","措置命令","第5条第1号(優良誤認) / 第7条第1項","ひろしまラーメンスタジアム2024","株式会社テレビ新広島に対する景品表示法に基づく措置命令について","https://www.caa.go.jp/notice/entry/043867/","","2025"
"043788","2025-10-10","LH株式会社","措置命令","第5条第2号(有利誤認) / 第7条第1項","出張カキ小屋 牡蠣奉行","LH株式会社に対する景品表示法に基づく措置命令について","https://www.caa.go.jp/notice/entry/043788/","","2025"
"043641","2025-09-22","株式会社創建","措置命令","第5条第2号(有利誤認) / 第7条第1項","","株式会社創建に対する景品表示法に基づく措置命令について","https://www.caa.go.jp/notice/entry/043641/","","2025"
"043542","2025-09-12","株式会社ジャパネットたかた","措置命令","第5条第2号(有利誤認) / 第7条第1項","【2025】特大和洋おせち2段重","株式会社ジャパネットたかたに対する景品表示法に基づく措置命令について","https://www.caa.go.jp/notice/entry/043542/","","2025"
"043199","2025-08-01","P&Gジャパン合同会社","措置命令","第5条第1号(優良誤認) / 第7条第1項","ファブリーズ お風呂用防カビ剤","P&Gジャパン合同会社に対する景品表示法に基づく措置命令について","https://www.caa.go.jp/notice/entry/043199/","","2025"
"042845","2025-06-30","株式会社ハハハラボ","課徴金納付命令","第8条第1項","メラット","株式会社ハハハラボに対する景品表示法に基づく課徴金納付命令について","https://www.caa.go.jp/notice/entry/042845/","","2025"
"042622","2025-06-16","株式会社フォレストウェル","課徴金納付命令","第8条第1項","j.air","株式会社フォレストウェルに対する景品表示法に基づく課徴金納付命令について","https://www.caa.go.jp/notice/entry/042622/","","2025"
"042502","2025-06-05","株式会社新日本エネックス","課徴金納付命令","第8条第1項","","株式会社新日本エネックスに対する景品表示法に基づく課徴金納付命令について","https://www.caa.go.jp/notice/entry/042502/","","2025"
"041492","2025-03-27","株式会社ユニットコム","措置命令","第5条第2号(有利誤認) / 第7条第1項","iiyamaPC","株式会社ユニットコムに対する景品表示法に基づく措置命令について","https://www.caa.go.jp/notice/entry/041492/","","2024"
"041488","2025-03-25","ロート製薬株式会社","措置命令","第5条第3号(ステルスマーケティング告示) / 第7条第1項","ロートV5アクトビジョンa","ロート製薬株式会社に対する景品表示法に基づく措置命令について","https://www.caa.go.jp/notice/entry/041488/","","2024"
"041528","2025-03-21","株式会社夢グループ","課徴金納付命令","第7条第1項 / 第8条第1項","立体マスク30枚セット","株式会社夢グループに対する景品表示法に基づく課徴金納付命令について","https://www.caa.go.jp/notice/entry/041528/","","2024"
"041489","2025-03-19","さくらフォレスト株式会社","課徴金納付命令","第8条第1項","きなり匠","さくらフォレスト株式会社に対する景品表示法に基づく課徴金納付命令について","https://www.caa.go.jp/notice/entry/041489/","","2024"
"041364","2025-03-18","医療法人社団スマイルスクエア","措置命令","第5条第3号(ステルスマーケティング告示) / 第7条第1項","スマイル+さくらい歯列矯正歯科二子玉川","医療法人社団スマイルスクエアに対する景品表示法に基づく措置命令について","https://www.caa.go.jp/notice/entry/041364/","","2024"
"041427","2025-03-14","ダニの捕獲効果等を標ぼうする商品の販売事業者2社","措置命令","第5条第1号(優良誤認) / 第7条第1項","","ダニの捕獲効果等を標ぼうする商品の販売事業者2社に対する景品表示法に基づく措置命令について","https://www.caa.go.jp/notice/entry/041427/","","2024"
"041261","2025-02-28","長谷川産業株式会社","措置命令","第5条第2号(有利誤認) / 第7条第1項","","長谷川産業株式会社に対する景品表示法に基づく措置命令について","https://www.caa.go.jp/notice/entry/041261/","","2024"
"040891","2025-01-30","株式会社東亜産業","課徴金納付命令","第8条第1項","ウイルスシャットアウト","株式会社東亜産業に対する景品表示法に基づく課徴金納付命令について","https://www.caa.go.jp/notice/entry/040891/","","2024"
"040838","2025-01-28","アドパワー・ソリューションズ株式会社","課徴金納付命令","第8条第1項","","アドパワー・ソリューションズ株式会社に対する景品表示法に基づく課徴金納付命令について","https://www.caa.go.jp/notice/entry/040838/","","2024"
"040387","2024-12-17","株式会社デザインワード","措置命令","第5条第2号(有利誤認) / 第7条第1項","アフロートネイルスクール","株式会社デザインワードに対する景品表示法に基づく措置命令について","https://www.caa.go.jp/notice/entry/040387/","","2024"
"040302","2024-12-12","自転車用ヘルメットを標ぼうする商品の販売事業者3社","措置命令","第5条第1号(優良誤認) / 第7条第1項","","自転車用ヘルメットを標ぼうする商品の販売事業者3社に対する景品表示法に基づく措置命令について","https://www.caa.go.jp/notice/entry/040302/","","2024"
"040138","2024-12-03","北海道電力株式会社","課徴金納付命令","第8条第1項","","北海道電力株式会社に対する景品表示法に基づく課徴金納付命令について","https://www.caa.go.jp/notice/entry/040138/","","2024"
"039990","2024-11-13","大正製薬株式会社","措置命令","第5条第3号(ステルスマーケティング告示) / 第7条第1項","NMN taisho","大正製薬株式会社に対する景品表示法に基づく措置命令について","https://www.caa.go.jp/notice/entry/039990/","","2024"
"038980","2024-08-09","RIZAP株式会社","措置命令","第5条第1号(優良誤認) / 第7条第1項","chocoZAP","RIZAP株式会社に対する景品表示法に基づく措置命令について","https://www.caa.go.jp/notice/entry/038980/","","2024"
"038974","2024-08-07","株式会社ジェイコムウエスト","措置命令","第5条第2号(有利誤認) / 第7条第1項","J:COMガス まとめトク料金コース","株式会社ジェイコムウエストに対する景品表示法に基づく措置命令について","https://www.caa.go.jp/notice/entry/038974/","","2024"
"038866","2024-08-02","富士通クライアントコンピューティング株式会社","課徴金納付命令","第8条第1項","","富士通クライアントコンピューティング株式会社に対する景品表示法に基づく課徴金納付命令について","https://www.caa.go.jp/notice/entry/038866/","","2024"
"038840","2024-07-30","株式会社ファッズ","措置命令","第5条第2号(有利誤認) / 第7条第1項","新時代44","株式会社ファッズに対する景品表示法に基づく措置命令について","https://www.caa.go.jp/notice/entry/038840/","","2024"
"038766","2024-07-24","株式会社WECARS","措置命令","第5条第1号(優良誤認) / 第7条第1項","","株式会社WECARSに対する景品表示法に基づく措置命令について (株式会社ビッグモーターによる中古自動車の修復歴に関する不当表示)","https://www.caa.go.jp/notice/entry/038766/","","2024"
"038627","2024-07-19","株式会社キャリカレ","措置命令","第5条第2号(有利誤認) / 第7条第1項","","株式会社キャリカレに対する景品表示法に基づく措置命令について","https://www.caa.go.jp/notice/entry/038627/","","2024"
"038178","2024-06-07","医療法人社団祐真会","措置命令","第5条第3号(ステルスマーケティング告示) / 第7条第1項","マチノマ大森内科クリニック","医療法人社団祐真会に対する景品表示法に基づく措置命令について","https://www.caa.go.jp/notice/entry/038178/","","2024"
"038015","2024-05-30","株式会社那覇直葬センター","措置命令","第5条第2号(有利誤認) / 第7条第1項","火葬プラン","株式会社那覇直葬センターに対する景品表示法に基づく措置命令について","https://www.caa.go.jp/notice/entry/038015/","","2024"
"037971","2024-05-28","中国電力株式会社","課徴金納付命令","第8条第1項","ぐっとずっと。プラン スマートコース","中国電力株式会社に対する景品表示法に基づく課徴金納付命令について","https://www.caa.go.jp/notice/entry/037971/","","2024"
"037589","2024-04-26","エステー株式会社","措置命令","第5条第1号(優良誤認) / 第7条第1項","MoriLabo ナイトケア花粉バリアポット","エステー株式会社に対する景品表示法に基づく措置命令について","https://www.caa.go.jp/notice/entry/037589/","","2024"
"036746","2024-03-26","株式会社バウムクーヘン","課徴金納付命令","第8条第1項","アイズワン","株式会社バウムクーヘンに対する景品表示法に基づく課徴金納付命令について","https://www.caa.go.jp/notice/entry/036746/","","2023"
"036663","2024-03-19","「車両用クレベリン」と称する役務の提供事業者10社","措置命令","第5条第1号(優良誤認) / 第7条第1項","車両用クレベリン","「車両用クレベリン」と称する役務の提供事業者10社に対する景品表示法に基づく措置命令について","https://www.caa.go.jp/notice/entry/036663/","","2023"
"036556","2024-03-12","メルセデス・ベンツ日本株式会社","課徴金納付命令","第8条第1項","AMGライン","メルセデス・ベンツ日本株式会社に対する景品表示法に基づく課徴金納付命令について","https://www.caa.go.jp/notice/entry/036556/","","2023"
"036590","2024-03-07","株式会社SCエージェント","措置命令","第5条第1号(優良誤認) / 第7条第1項","","株式会社SCエージェントに対する景品表示法に基づく措置命令について","https://www.caa.go.jp/notice/entry/036590/","","2023"
"036577","2024-03-06","ティーライフ株式会社","課徴金納付命令","第8条第1項","メタボメ茶","ティーライフ株式会社に対する景品表示法に基づく課徴金納付命令について","https://www.caa.go.jp/notice/entry/036577/","","2023"
"036563","2024-03-05","株式会社エスイーライフ","措置命令","第5条第1号(優良誤認) / 第7条第1項","","株式会社エスイーライフに対する景品表示法に基づく措置命令について","https://www.caa.go.jp/notice/entry/036563/","","2023"
"036514","2024-03-01","エクスコムグローバル株式会社","措置命令","第5条第1号(優良誤認) / 第7条第1項","イモトのWiFi","エクスコムグローバル株式会社に対する景品表示法に基づく措置命令について","https://www.caa.go.jp/notice/entry/036514/","","2023"
"036536","2024-03-01","飯田グループホールディングス株式会社ほか4社","措置命令","第5条第1号(優良誤認) / 第7条第1項","","飯田グループホールディングス株式会社ほか4社に対する景品表示法に基づく措置命令について","https://www.caa.go.jp/notice/entry/036536/","","2023"
"036495","2024-02-29","フロンティアジャパン株式会社","措置命令","第5条第1号(優良誤認) / 第7条第1項","","フロンティアジャパン株式会社に対する景品表示法に基づく措置命令について","https://www.caa.go.jp/notice/entry/036495/","","2023"
"036478","2024-02-27","太陽光発電システム機器等の販売施工業者2社","措置命令","第5条第1号(優良誤認) / 第7条第1項","","太陽光発電システム機器等の販売施工業者2社に対する景品表示法に基づく措置命令について","https://www.caa.go.jp/notice/entry/036478/","","2023"
"036443","2024-02-22","株式会社東京マルイ","課徴金納付命令","第8条第1項","","株式会社東京マルイに対する景品表示法に基づく課徴金納付命令について","https://www.caa.go.jp/notice/entry/036443/","","2023"
"036249","2024-02-08","糖質カット炊飯器の販売事業者4社","措置命令","第5条第1号(優良誤認) / 第7条第1項","","糖質カット炊飯器の販売事業者4社に対する景品表示法に基づく措置命令について","https://www.caa.go.jp/notice/entry/036249/","","2023"
"036222","2024-01-31","二酸化塩素による空間除菌を標ぼうする商品の販売事業者4社","措置命令","第5条第1号(優良誤認) / 第7条第1項","","二酸化塩素による空間除菌を標ぼうする商品の販売事業者4社に対する景品表示法に基づく措置命令について","https://www.caa.go.jp/notice/entry/036222/","","2023"
"035721","2023-12-22","空気清浄効果等を標ぼうする商品の製造販売業者2社","措置命令","第5条第1号(優良誤認) / 第7条第1項","","空気清浄効果等を標ぼうする商品の製造販売業者2社に対する景品表示法に基づく措置命令について","https://www.caa.go.jp/notice/entry/035721/","","2023"
"035684","2023-12-19","株式会社ハハハラボ","措置命令","第5条第1号(優良誤認) / 第7条第1項","メラット","株式会社ハハハラボに対する景品表示法に基づく措置命令について","https://www.caa.go.jp/notice/entry/035684/","","2023"
"035547","2023-12-05","株式会社アリュール","措置命令","第5条第1号(優良誤認) / 第7条第1項","スリムサポ(SlimSapo)","株式会社アリュールに対する景品表示法に基づく措置命令について","https://www.caa.go.jp/notice/entry/035547/","","2023"
"035435","2023-11-22","レック株式会社","課徴金納付命令","第8条第1項","ノロウィルバルサン","レック株式会社に対する景品表示法に基づく課徴金納付命令について","https://www.caa.go.jp/notice/entry/035435/","","2023"
"035090","2023-10-31","糖質カット炊飯器の販売事業者3社","措置命令","第5条第1号(優良誤認) / 第7条第1項","","糖質カット炊飯器の販売事業者3社に対する景品表示法に基づく措置命令について","https://www.caa.go.jp/notice/entry/035090/","","2023"
"034955","2023-10-05","マルキユー株式会社","課徴金納付命令","第8条第1項","","マルキユー株式会社に対する景品表示法に基づく課徴金納付命令について","https://www.caa.go.jp/notice/entry/034955/","","2023"
"034434","2023-08-30","中国電力株式会社","措置命令","第5条第2号(有利誤認) / 第7条第1項","ぐっとずっと。プラン スマートコース","中国電力株式会社に対する景品表示法に基づく措置命令について","https://www.caa.go.jp/notice/entry/034434/","","2023"
"034161","2023-08-01","株式会社バンザン","課徴金納付命令","第8条第1項","メガスタ高校生","株式会社バンザンに対する景品表示法に基づく課徴金納付命令について","https://www.caa.go.jp/notice/entry/034161/","","2023"
"034122","2023-07-28","北海道電力株式会社","措置命令","第5条第2号(有利誤認) / 第7条第1項","","北海道電力株式会社に対する景品表示法に基づく措置命令について","https://www.caa.go.jp/notice/entry/034122/","","2023"
"034106","2023-07-26","沖縄特産販売株式会社","課徴金納付命令","第8条第1項","養力珪素","沖縄特産販売株式会社に対する景品表示法に基づく課徴金納付命令について","https://www.caa.go.jp/notice/entry/034106/","","2023"
"033865","2023-06-30","さくらフォレスト株式会社","措置命令","第5条第1号(優良誤認) / 第7条第1項","きなり匠","さくらフォレスト株式会社に対する景品表示法に基づく措置命令について","https://www.caa.go.jp/notice/entry/033865/","","2023"
"033782","2023-06-27","株式会社ドミノ・ピザジャパン","措置命令","第5条第2号(有利誤認) / 第7条第1項","","株式会社ドミノ・ピザジャパンに対する景品表示法に基づく措置命令について","https://www.caa.go.jp/notice/entry/033782/","","2023"
"033742","2023-06-23","富士通クライアントコンピューティング株式会社","措置命令","第5条第2号(有利誤認) / 第7条第1項","","富士通クライアントコンピューティング株式会社に対する景品表示法に基づく措置命令について","https://www.caa.go.jp/notice/entry/033742/","","2023"
"033617","2023-06-14","株式会社バウムクーヘン","措置命令","第5条第1号(優良誤認) / 第7条第1項","アイズワン","株式会社バウムクーヘンに対する景品表示法に基づく措置命令について","https://www.caa.go.jp/notice/entry/033617/","","2023"
"033262","2023-05-19","株式会社W-ENDLESS","課徴金納付命令","第8条第1項","Dr.味噌汁","株式会社W-ENDLESSに対する景品表示法に基づく課徴金納付命令について","https://www.caa.go.jp/notice/entry/033262/","","2023"
"033252","2023-05-17","大木製薬株式会社","課徴金納付命令","第8条第1項","ウイルオフ ストラップタイプ","大木製薬株式会社に対する景品表示法に基づく課徴金納付命令について","https://www.caa.go.jp/notice/entry/033252/","","2023"
"033092","2023-04-27","株式会社ゼンワールド","措置命令","第5条第1号(優良誤認) / 第7条第1項","エアープロット","株式会社ゼンワールドに対する景品表示法に基づく措置命令について","https://www.caa.go.jp/notice/entry/033092/","","2023"
"032797","2023-04-11","大幸薬品株式会社","課徴金納付命令","第8条第1項","クレベリン 置き型 150g","大幸薬品株式会社に対する景品表示法に基づく課徴金納付命令について","https://www.caa.go.jp/notice/entry/032797/","","2023"
"032639","2023-03-30","株式会社アクガレージ","課徴金納付命令","第8条第1項","ジュエルアップ","株式会社アクガレージに対する景品表示法に基づく課徴金納付命令について","https://www.caa.go.jp/notice/entry/032639/","","2022"
"032563","2023-03-24","株式会社シーズコーポレーション","課徴金納付命令","第8条第1項","seeds糖鎖","株式会社シーズコーポレーションに対する景品表示法に基づく課徴金納付命令について","https://www.caa.go.jp/notice/entry/032563/","","2022"
"032320","2023-03-02","株式会社5コーポレーション","措置命令","第5条第2号(有利誤認) / 第7条第1項","毎日コース(定額)","株式会社5コーポレーションに対する景品表示法に基づく措置命令について","https://www.caa.go.jp/notice/entry/032320/","","2022"
"032152","2023-02-16","コンサートの提供事業者3社","措置命令","第5条第1号(優良誤認) / 第7条第1項","","コンサートの提供事業者3社に対する景品表示法に基づく措置命令について","https://www.caa.go.jp/notice/entry/032152/","","2022"
"032143","2023-02-14","マクセル株式会社","課徴金納付命令","第8条第1項","オゾン除菌消臭器 オゾネオ エアロ MXAP-AE270","マクセル株式会社に対する景品表示法に基づく課徴金納付命令について","https://www.caa.go.jp/notice/entry/032143/","","2022"
"032123","2023-02-10","四輪車等の燃費向上効果等を標ぼうする商品の製造販売業者2社","措置命令","第5条第1号(優良誤認) / 第7条第1項","","四輪車等の燃費向上効果等を標ぼうする商品の製造販売業者2社に対する景品表示法に基づく措置命令について","https://www.caa.go.jp/notice/entry/032123/","","2022"
"032096","2023-02-08","ビジョンズ株式会社","課徴金納付命令","第8条第1項","プルマモア マッサージ&モイストボディクリーム","ビジョンズ株式会社に対する景品表示法に基づく課徴金納付命令について","https://www.caa.go.jp/notice/entry/032096/","","2022"
"031954","2023-01-27","株式会社ボネックス","課徴金納付命令","第8条第1項","","株式会社ボネックスに対する景品表示法に基づく課徴金納付命令について","https://www.caa.go.jp/notice/entry/031954/","","2022"
"031952","2023-01-27","株式会社ファイテック","課徴金納付命令","第8条第1項","","株式会社ファイテックに対する景品表示法に基づく課徴金納付命令について","https://www.caa.go.jp/notice/entry/031952/","","2022"
"031886","2023-01-24","アシスト株式会社","課徴金納付命令","第8条第1項","ジュエルアップ","アシスト株式会社に対する景品表示法に基づく課徴金納付命令について","https://www.caa.go.jp/notice/entry/031886/","","2022"
"031846","2023-01-20","株式会社CLO2 Lab","課徴金納付命令","第8条第1項","オキサイダー 置き型 320g","株式会社CLO2 Labに対する景品表示法に基づく課徴金納付命令について","https://www.caa.go.jp/notice/entry/031846/","","2022"
"031801","2023-01-18","キリンビバレッジ株式会社","課徴金納付命令","第8条第1項","トロピカーナ 100% まるごと果実感 メロンテイスト","キリンビバレッジ株式会社に対する景品表示法に基づく課徴金納付命令について","https://www.caa.go.jp/notice/entry/031801/","","2022"
"031751","2023-01-12","株式会社バンザン","措置命令","第5条第1号(優良誤認) / 第7条第1項","メガスタ高校生","株式会社バンザンに対する景品表示法に基づく措置命令について","https://www.caa.go.jp/notice/entry/031751/","","2022"
"031623","2022-12-23","エアガン用BB弾の販売事業者5社","措置命令","第5条第1号(優良誤認) / 第7条第1項","","エアガン用BB弾の販売事業者5社に対する景品表示法に基づく措置命令について","https://www.caa.go.jp/notice/entry/031623/","","2022"
"031612","2022-12-23","ゴミ袋及びレジ袋の販売事業者2社","措置命令","第5条第1号(優良誤認) / 第7条第1項","","ゴミ袋及びレジ袋の販売事業者2社に対する景品表示法に基づく措置命令について","https://www.caa.go.jp/notice/entry/031612/","","2022"
"031584","2022-12-23","釣り用品の販売事業者","措置命令","第5条第1号(優良誤認) / 第7条第1項","","釣り用品の販売事業者に対する景品表示法に基づく措置命令について","https://www.caa.go.jp/notice/entry/031584/","","2022"
"031610","2022-12-23","カトラリー、ストロー、カップ等の販売事業者2社","措置命令","第5条第1号(優良誤認) / 第7条第1項","","カトラリー、ストロー、カップ等の販売事業者2社に対する景品表示法に基づく措置命令について","https://www.caa.go.jp/notice/entry/031610/","","2022"
"030912","2022-11-18","一般社団法人免研アソシエイツ協会","措置命令","第5条第1号(優良誤認) / 第7条第1項","免研糖鎖機能性食品G","一般社団法人免研アソシエイツ協会に対する景品表示法に基づく措置命令について","https://www.caa.go.jp/notice/entry/030912/","","2022"
"030238","2022-09-16","株式会社TBSグロウディア","課徴金納付命令","第8条第1項","トルネードRFローラー","株式会社TBSグロウディアに対する景品表示法に基づく課徴金納付命令 について","https://www.caa.go.jp/notice/entry/030238/","","2022"
"029903","2022-09-14","株式会社アップドラフト","課徴金納付命令","第8条第1項","滝風イオンメディック","株式会社アップドラフトに対する景品表示法に基づく課徴金納付命令について","https://www.caa.go.jp/notice/entry/029903/","","2022"
"029930","2022-09-09","株式会社山田養蜂場","措置命令","第5条第1号(優良誤認) / 第7条第1項","ビタミンD+亜鉛","株式会社山田養蜂場に対する景品表示法に基づく措置命令について","https://www.caa.go.jp/notice/entry/029930/","","2022"
"029937","2022-09-06","キリンビバレッジ株式会社","措置命令","第5条第1号(優良誤認) / 第7条第1項","トロピカーナ 100% まるごと果実感 メロンテイスト","キリンビバレッジ株式会社に対する景品表示法に基づく措置命令について","https://www.caa.go.jp/notice/entry/029937/","","2022"
"029623","2022-08-09","有限会社ファミリア薬品","課徴金納付命令","第8条第1項","朱の実","有限会社ファミリア薬品に対する景品表示法に基づく課徴金納付命令について","https://www.caa.go.jp/notice/entry/029623/","","2022"
"029574","2022-08-05","株式会社晋遊舎","課徴金納付命令","第8条第1項","スペシャル!フレンズファミリーキャンペーン","株式会社晋遊舎に対する景品表示法に基づく課徴金納付命令について","https://www.caa.go.jp/notice/entry/029574/","","2022"
"029550","2022-07-29","株式会社北海道産地直送センター","措置命令","第5条第2号(有利誤認) / 第7条第1項","","株式会社北海道産地直送センターに対する景品表示法に基づく措置命令について","https://www.caa.go.jp/notice/entry/029550/","","2022"
"029193","2022-06-22","株式会社サプリメント・ワールド","課徴金納付命令","第8条第1項","エクステアライズゲル","株式会社サプリメント・ワールドに対する景品表示法に基づく課徴金納付命令について","https://www.caa.go.jp/notice/entry/029193/","","2022"
"029169","2022-06-21","株式会社レッドスパイス","課徴金納付命令","第8条第1項","SARARITOウイルスブロッカー","株式会社レッドスパイスに対する景品表示法に基づく課徴金納付命令について","https://www.caa.go.jp/notice/entry/029169/","","2022"
"029113","2022-06-15","株式会社PMKメディカルラボ","措置命令","第5条第1号(優良誤認) / 第7条第1項","","株式会社PMKメディカルラボに対する景品表示法に基づく措置命令について","https://www.caa.go.jp/notice/entry/029113/","","2022"
"029023","2022-06-09","株式会社あきんどスシロー","措置命令","第5条第3号(おとり広告) / 第7条第1項","新物!濃厚うに包み","株式会社あきんどスシローに対する景品表示法に基づく措置命令について","https://www.caa.go.jp/notice/entry/029023/","","2022"
"029017","2022-06-07","株式会社ココカラケア","措置命令","第5条第1号(優良誤認) / 第7条第1項","SIXPACK EXCERSIZE(シックスパックエクササイズ)","株式会社ココカラケアに対する景品表示法に基づく措置命令について","https://www.caa.go.jp/notice/entry/029017/","","2022"
"028836","2022-06-01","沖縄特産販売株式会社","措置命令","第5条第1号(優良誤認) / 第7条第1項","養力珪素","沖縄特産販売株式会社に対する景品表示法に基づく措置命令について","https://www.caa.go.jp/notice/entry/028836/","","2022"
"028791","2022-05-25","投てき消火用具の販売事業者5社","措置命令","第5条第1号(優良誤認) / 第7条第1項","","投てき消火用具の販売事業者5社に対する景品表示法に基づく措置命令について","https://www.caa.go.jp/notice/entry/028791/","","2022"
"028704","2022-05-24","リプサ株式会社","措置命令","第5条第1号(優良誤認) / 第7条第1項","ラクトフェリン濃縮物加工食品","リプサ株式会社に対する景品表示法に基づく措置命令について","https://www.caa.go.jp/notice/entry/028704/","","2022"
"028525","2022-04-27","株式会社DYM","措置命令","第5条第1号(優良誤認) / 第7条第1項","DYM就職","株式会社DYMに対する景品表示法に基づく措置命令について","https://www.caa.go.jp/notice/entry/028525/","","2022"
"028385","2022-04-15","大幸薬品株式会社","措置命令","第5条第1号(優良誤認) / 第7条第1項","クレベリン 置き型 60g","大幸薬品株式会社に対する景品表示法に基づく措置命令について","https://www.caa.go.jp/notice/entry/028385/","","2022"
"028234","2022-04-05","株式会社W-ENDLESS","措置命令","第5条第1号(優良誤認) / 第7条第1項","Dr.味噌汁","株式会社W-ENDLESSに対する景品表示法に基づく措置命令について","https://www.caa.go.jp/notice/entry/028234/","","2022"
"028043","2022-03-29","株式会社ハウワイ","課徴金納付命令","第8条第1項","エターナルアイラッシュ","株式会社ハウワイに対する景品表示法に基づく課徴金納付命令について","https://www.caa.go.jp/notice/entry/028043/","","2021"
"028011","2022-03-24","株式会社EE21","措置命令","第5条第2号(有利誤認) / 第7条第1項","介護職員初任者研修","株式会社EE21に対する景品表示法に基づく措置命令について","https://www.caa.go.jp/notice/entry/028011/","","2021"
"027994","2022-03-23","古田商事株式会社","措置命令","第5条第1号(優良誤認) / 第7条第1項","メリヤスウエス","古田商事株式会社に対する景品表示法に基づく措置命令について","https://www.caa.go.jp/notice/entry/027994/","","2021"
"027909","2022-03-15","株式会社セドナエンタープライズ","措置命令","第5条第2号(有利誤認) / 第7条第1項","脱毛ラボ ホームエディション","株式会社セドナエンタープライズに対する景品表示法に基づく措置命令について","https://www.caa.go.jp/notice/entry/027909/","","2021"
"027789","2022-03-03","セブンエー美容株式会社、株式会社ダイシン及び株式会社エイチフォー","措置命令","第5条第2号(有利誤認) / 第7条第1項","","セブンエー美容株式会社、株式会社ダイシン及び株式会社エイチフォーに対する景品表示法に基づく措置命令について","https://www.caa.go.jp/notice/entry/027789/","","2021"
"027405","2022-02-09","タイガー魔法瓶株式会社","課徴金納付命令","第8条第1項","PCK-A080","タイガー魔法瓶株式会社に対する景品表示法に基づく課徴金納付命令について","https://www.caa.go.jp/notice/entry/027405/","","2021"
"027497","2022-02-03","大作商事株式会社及び株式会社イトーヨーカ堂","措置命令","第5条第1号(優良誤認) / 第7条第1項","ピュアサプライ","大作商事株式会社及び株式会社イトーヨーカ堂に対する景品表示法に基づく措置命令について","https://www.caa.go.jp/notice/entry/027497/","","2021"
"027340","2022-01-20","大幸薬品株式会社","措置命令","第5条第1号(優良誤認) / 第7条第1項","クレベリン スティック ペンタイプ","大幸薬品株式会社に対する景品表示法に基づく措置命令について","https://www.caa.go.jp/notice/entry/027340/","","2021"
"027097","2021-12-23","株式会社Needs(ニーズ)及び有限会社ガレージゼスト","措置命令","第5条第1号(優良誤認) / 第7条第1項","","株式会社Needs(ニーズ)及び有限会社ガレージゼストに対する景品表示法に基づく措置命令について","https://www.caa.go.jp/notice/entry/027097/","","2021"
"026894","2021-12-22","株式会社GSD","課徴金納付命令","第8条第1項","GSD-209N","株式会社GSDに対する景品表示法に基づく課徴金納付命令について","https://www.caa.go.jp/notice/entry/026894/","","2021"
"027004","2021-12-17","二酸化塩素による空間除菌を標ぼうする商品の製造販売業者2社","措置命令","第5条第1号(優良誤認) / 第7条第1項","","二酸化塩素による空間除菌を標ぼうする商品の製造販売業者2社に対する景品表示法に基づく措置命令について","https://www.caa.go.jp/notice/entry/027004/","","2021"
"026995","2021-12-16","石油製品の販売事業者2社","措置命令","第5条第2号(有利誤認) / 第7条第1項","","石油製品の販売事業者2社に対する景品表示法に基づく措置命令について","https://www.caa.go.jp/notice/entry/026995/","","2021"
"026954","2021-12-14","カーズショップ松山こと高畑正志","措置命令","第5条第1号(優良誤認) / 第7条第1項","","カーズショップ松山こと高畑正志に対する景品表示法に基づく措置命令について","https://www.caa.go.jp/notice/entry/026954/","","2021"
"026911","2021-12-10","メルセデス・ベンツ日本株式会社","措置命令","第5条第1号(優良誤認) / 第7条第1項","GLA180","メルセデス・ベンツ日本株式会社に対する景品表示法に基づく措置命令について","https://www.caa.go.jp/notice/entry/026911/","","2021"
"026673","2021-11-24","株式会社シーズ・ラボ","措置命令","第5条第1号(優良誤認) / 第7条第1項","4D","株式会社シーズ・ラボに対する景品表示法に基づく措置命令について","https://www.caa.go.jp/notice/entry/026673/","","2021"
"026650","2021-11-18","株式会社エムアンドエム","課徴金納付命令","第8条第1項","ファイラマッスルサプリHMB","株式会社エムアンドエムに対する景品表示法に基づく課徴金納付命令について","https://www.caa.go.jp/notice/entry/026650/","","2021"
"026513","2021-11-09","株式会社アクガレージ及びアシスト株式会社","措置命令","第5条第1号(優良誤認) / 第7条第1項","ジュエルアップ","株式会社アクガレージ及びアシスト株式会社に対する景品表示法に基づく措置命令について","https://www.caa.go.jp/notice/entry/026513/","","2021"
"025957","2021-10-19","株式会社宮本製作所","課徴金納付命令","第8条第1項","洗たくマグちゃん","株式会社宮本製作所に対する景品表示法に基づく課徴金納付命令について","https://www.caa.go.jp/notice/entry/025957/","","2021"
"025622","2021-09-22","株式会社T.Sコーポレーション","課徴金納付命令","第8条第1項","BUBKA ZERO","株式会社T.Sコーポレーションに対する景品表示法に基づく課徴金納付命令について","https://www.caa.go.jp/notice/entry/025622/","","2021"
"025628","2021-09-15","イマジン・グローバル・ケア株式会社","課徴金納付命令","第8条第1項","ブロリコ","イマジン・グローバル・ケア株式会社に対する景品表示法に基づく課徴金納付命令について","https://www.caa.go.jp/notice/entry/025628/","","2021"
"025598","2021-09-14","株式会社ハピリィ","措置命令","第5条第2号(有利誤認) / 第7条第1項","七五三データセット","株式会社ハピリィに対する景品表示法に基づく措置命令について","https://www.caa.go.jp/notice/entry/025598/","","2021"
"025506","2021-09-09","株式会社オークローンマーケティング","課徴金納付命令","第8条第1項","スレンダートーン アブベルト","株式会社オークローンマーケティングに対する景品表示法に基づく課徴金納付命令について","https://www.caa.go.jp/notice/entry/025506/","","2021"
"025535","2021-09-03","株式会社ビックカメラ及び株式会社ビック酒販","措置命令","第5条第3号(商品の原産国に関する不当な表示第1項又は第2項) / 第7条第1項","","株式会社ビックカメラ及び株式会社ビック酒販に対する景品表示法に基づく措置命令について","https://www.caa.go.jp/notice/entry/025535/","","2021"
"025487","2021-08-31","タイガー魔法瓶株式会社","措置命令","第5条第1号(優良誤認) / 第7条第1項","PCK-A080","タイガー魔法瓶株式会社に対する景品表示法に基づく措置命令について","https://www.caa.go.jp/notice/entry/025487/","","2021"
"025248","2021-08-26","株式会社プライムダイレクト","課徴金納付命令","第8条第1項","","株式会社プライムダイレクトに対する景品表示法に基づく課徴金納付命令について","https://www.caa.go.jp/notice/entry/025248/","","2021"
"025153","2021-08-11","ヤーマン株式会社","課徴金納付命令","第8条第1項","トルネードRFローラー","ヤーマン株式会社に対する景品表示法に基づく課徴金納付命令について","https://www.caa.go.jp/notice/entry/025153/","","2021"
"025055","2021-07-28","マクセル株式会社","措置命令","第5条第1号(優良誤認) / 第7条第1項","オゾン除菌消臭器 オゾネオ エアロ MXAP-AE270","マクセル株式会社に対する景品表示法に基づく措置命令について","https://www.caa.go.jp/notice/entry/025055/","","2021"
"024804","2021-07-02","株式会社ユニクエスト","課徴金納付命令","第8条第1項","","株式会社ユニクエストに対する景品表示法に基づく課徴金納付命令について","https://www.caa.go.jp/notice/entry/024804/","","2021"
"024759","2021-06-29","株式会社gumi及び株式会社スクウェア・エニックス","措置命令","第5条第1号(優良誤認) / 第7条第1項","WAR OF THE VISIONS ファイナルファンタジー ブレイブエクスヴィアス 幻影戦争","株式会社gumi及び株式会社スクウェア・エニックスに対する景品表示法に基づく措置命令について","https://www.caa.go.jp/notice/entry/024759/","","2021"
"024440","2021-06-25","Salute.Lab株式会社","課徴金納付命令","第8条第1項","イオニアカードPLUS","Salute.Lab株式会社に対する景品表示法に基づく課徴金納付命令について","https://www.caa.go.jp/notice/entry/024440/","","2021"
"024661","2021-06-22","ビジョンズ株式会社","措置命令","第5条第1号(優良誤認) / 第7条第1項","プルマモア マッサージ&モイストボディクリーム","ビジョンズ株式会社に対する景品表示法に基づく措置命令について","https://www.caa.go.jp/notice/entry/024661/","","2021"
"024611","2021-06-18","株式会社DINOS CORPORATION","課徴金納付命令","第8条第1項","","株式会社DINOS CORPORATIONに対する景品表示法に基づく課徴金納付命令について","https://www.caa.go.jp/notice/entry/024611/","","2021"
"024604","2021-06-17","株式会社アップドラフト","措置命令","第5条第1号(優良誤認) / 第7条第1項","滝風イオンメディック","株式会社アップドラフトに対する景品表示法に基づく措置命令について","https://www.caa.go.jp/notice/entry/024604/","","2021"
"024570","2021-06-15","株式会社サプリメント・ワールド","措置命令","第5条第1号(優良誤認) / 第7条第1項","エクステアライズゲル","株式会社サプリメント・ワールドに対する景品表示法に基づく措置命令について","https://www.caa.go.jp/notice/entry/024570/","","2021"
"024534","2021-06-11","株式会社ププレひまわり","措置命令","第5条第1号(優良誤認) / 第7条第1項","ウイルオフ ストラップタイプ","株式会社ププレひまわりに対する景品表示法に基づく措置命令について","https://www.caa.go.jp/notice/entry/024534/","","2021"
"024373","2021-06-03","株式会社ハウワイ","措置命令","第5条第1号(優良誤認) / 第7条第1項","エターナルアイラッシュ","株式会社ハウワイに対する景品表示法に基づく措置命令について","https://www.caa.go.jp/notice/entry/024373/","","2021"
"024380","2021-06-02","クリエイト株式会社","措置命令","第5条第3号(おとり広告) / 第7条第1項","フレッツ光","クリエイト株式会社に対する景品表示法に基づく措置命令について","https://www.caa.go.jp/notice/entry/024380/","","2021"
"024139","2021-05-14","株式会社シーズコーポレーション","措置命令","第5条第1号(優良誤認) / 第7条第1項","seeds糖鎖","株式会社シーズコーポレーションに対する景品表示法に基づく措置命令について","https://www.caa.go.jp/notice/entry/024139/","","2021"
"023999","2021-04-27","株式会社宮本製作所","措置命令","第5条第1号(優良誤認) / 第7条第1項","洗たくマグちゃん","株式会社宮本製作所に対する景品表示法に基づく措置命令について","https://www.caa.go.jp/notice/entry/023999/","","2021"
"023821","2021-04-09","亜塩素酸による空間除菌を標ぼうするスプレーの販売事業者2社","措置命令","第5条第1号(優良誤認) / 第7条第1項","","亜塩素酸による空間除菌を標ぼうするスプレーの販売事業者2社に対する景品表示法に基づく措置命令について","https://www.caa.go.jp/notice/entry/023821/","","2021"
